nlWrd,brWrd,cbWrd
dans,images/br_dans.png,images/cb_dans.png
vlek,images/br_vlek.png,images/cb_vlek.png
kaal,images/br_kaal.png,images/cb_kaal.png
mist,images/br_mist.png,images/cb_mist.png
zone,images/br_zone.png,images/cb_zone.png
diep,images/br_diep.png,images/cb_diep.png
zaal,images/br_zaal.png,images/cb_zaal.png
hint,images/br_hint.png,images/cb_hint.png
dief,images/br_dief.png,images/cb_dief.png
poes,images/br_poes.png,images/cb_poes.png
stof,images/br_stof.png,images/cb_stof.png
uien,images/br_uien.png,images/cb_uien.png
plek,images/br_plek.png,images/cb_plek.png
geit,images/br_geit.png,images/cb_geit.png
taal,images/br_taal.png,images/cb_taal.png
blad,images/br_blad.png,images/cb_blad.png
diep,images/br_diep.png,images/cb_diep.png
palm,images/br_palm.png,images/cb_palm.png
jaar,images/br_jaar.png,images/cb_jaar.png
mand,images/br_mand.png,images/cb_mand.png
lava,images/br_lava.png,images/cb_lava.png
gaaf,images/br_gaaf.png,images/cb_gaaf.png
soda,images/br_soda.png,images/cb_soda.png
kaas,images/br_kaas.png,images/cb_kaas.png
hoog,images/br_hoog.png,images/cb_hoog.png
geld,images/br_geld.png,images/cb_geld.png
ezel,images/br_ezel.png,images/cb_ezel.png
stuk,images/br_stuk.png,images/cb_stuk.png
lust,images/br_lust.png,images/cb_lust.png
jurk,images/br_jurk.png,images/cb_jurk.png
clan,images/br_clan.png,images/cb_clan.png
snee,images/br_snee.png,images/cb_snee.png
mode,images/br_mode.png,images/cb_mode.png
eens,images/br_eens.png,images/cb_eens.png
vuur,images/br_vuur.png,images/cb_vuur.png
blik,images/br_blik.png,images/cb_blik.png
leek,images/br_leek.png,images/cb_leek.png
tand,images/br_tand.png,images/cb_tand.png
knie,images/br_knie.png,images/cb_knie.png
moes,images/br_moes.png,images/cb_moes.png
flirt,images/br_flirt.png,images/cb_flirt.png
schat,images/br_schat.png,images/cb_schat.png
woede,images/br_woede.png,images/cb_woede.png
thema,images/br_thema.png,images/cb_thema.png
hemel,images/br_hemel.png,images/cb_hemel.png
jasje,images/br_jasje.png,images/cb_jasje.png
nodig,images/br_nodig.png,images/cb_nodig.png
knaap,images/br_knaap.png,images/cb_knaap.png
graaf,images/br_graaf.png,images/cb_graaf.png
gebod,images/br_gebod.png,images/cb_gebod.png
dwang,images/br_dwang.png,images/cb_dwang.png
lever,images/br_lever.png,images/cb_lever.png
dalen,images/br_dalen.png,images/cb_dalen.png
breuk,images/br_breuk.png,images/cb_breuk.png
lezen,images/br_lezen.png,images/cb_lezen.png
samen,images/br_samen.png,images/cb_samen.png
strak,images/br_strak.png,images/cb_strak.png
jagen,images/br_jagen.png,images/cb_jagen.png
wijze,images/br_wijze.png,images/cb_wijze.png
waken,images/br_waken.png,images/cb_waken.png
trots,images/br_trots.png,images/cb_trots.png
piste,images/br_piste.png,images/cb_piste.png
bleek,images/br_bleek.png,images/cb_bleek.png
ijdel,images/br_ijdel.png,images/cb_ijdel.png
steen,images/br_steen.png,images/cb_steen.png
wagon,images/br_wagon.png,images/cb_wagon.png
bever,images/br_bever.png,images/cb_bever.png
volop,images/br_volop.png,images/cb_volop.png
gebit,images/br_gebit.png,images/cb_gebit.png
groen,images/br_groen.png,images/cb_groen.png
uniek,images/br_uniek.png,images/cb_uniek.png
steel,images/br_steel.png,images/cb_steel.png
kring,images/br_kring.png,images/cb_kring.png
baron,images/br_baron.png,images/cb_baron.png
steek,images/br_steek.png,images/cb_steek.png
schep,images/br_schep.png,images/cb_schep.png
praat,images/br_praat.png,images/cb_praat.png
afval,images/br_afval.png,images/cb_afval.png
bruin,images/br_bruin.png,images/cb_bruin.png
alsof,images/br_alsof.png,images/cb_alsof.png
pittig,images/br_pittig.png,images/cb_pittig.png
liegen,images/br_liegen.png,images/cb_liegen.png
begrip,images/br_begrip.png,images/cb_begrip.png
kreeft,images/br_kreeft.png,images/cb_kreeft.png
geduld,images/br_geduld.png,images/cb_geduld.png
gezond,images/br_gezond.png,images/cb_gezond.png
beslag,images/br_beslag.png,images/cb_beslag.png
liefde,images/br_liefde.png,images/cb_liefde.png
geheim,images/br_geheim.png,images/cb_geheim.png
slagen,images/br_slagen.png,images/cb_slagen.png
oceaan,images/br_oceaan.png,images/cb_oceaan.png
geluid,images/br_geluid.png,images/cb_geluid.png
kleren,images/br_kleren.png,images/cb_kleren.png
wijlen,images/br_wijlen.png,images/cb_wijlen.png
legaal,images/br_legaal.png,images/cb_legaal.png
boeien,images/br_boeien.png,images/cb_boeien.png
liefje,images/br_liefje.png,images/cb_liefje.png
loyaal,images/br_loyaal.png,images/cb_loyaal.png
totaal,images/br_totaal.png,images/cb_totaal.png
besmet,images/br_besmet.png,images/cb_besmet.png
zweven,images/br_zweven.png,images/cb_zweven.png
lokken,images/br_lokken.png,images/cb_lokken.png
lukken,images/br_lukken.png,images/cb_lukken.png
dozijn,images/br_dozijn.png,images/cb_dozijn.png
zomers,images/br_zomers.png,images/cb_zomers.png
sultan,images/br_sultan.png,images/cb_sultan.png
excuus,images/br_excuus.png,images/cb_excuus.png
koorts,images/br_koorts.png,images/cb_koorts.png
vinger,images/br_vinger.png,images/cb_vinger.png
sluier,images/br_sluier.png,images/cb_sluier.png
muziek,images/br_muziek.png,images/cb_muziek.png
slapen,images/br_slapen.png,images/cb_slapen.png
heilig,images/br_heilig.png,images/cb_heilig.png
vizier,images/br_vizier.png,images/cb_vizier.png
waarop,images/br_waarop.png,images/cb_waarop.png
kanjer,images/br_kanjer.png,images/cb_kanjer.png
woning,images/br_woning.png,images/cb_woning.png
fictie,images/br_fictie.png,images/cb_fictie.png
zingen,images/br_zingen.png,images/cb_zingen.png
joggen,images/br_joggen.png,images/cb_joggen.png
knielen,images/br_knielen.png,images/cb_knielen.png
stikken,images/br_stikken.png,images/cb_stikken.png
waarvan,images/br_waarvan.png,images/cb_waarvan.png
hechten,images/br_hechten.png,images/cb_hechten.png
flippen,images/br_flippen.png,images/cb_flippen.png
vijftig,images/br_vijftig.png,images/cb_vijftig.png
snuiven,images/br_snuiven.png,images/cb_snuiven.png
geliefd,images/br_geliefd.png,images/cb_geliefd.png
gerucht,images/br_gerucht.png,images/cb_gerucht.png
stallen,images/br_stallen.png,images/cb_stallen.png
eetlust,images/br_eetlust.png,images/cb_eetlust.png
glijden,images/br_glijden.png,images/cb_glijden.png
stiekem,images/br_stiekem.png,images/cb_stiekem.png
opkomen,images/br_opkomen.png,images/cb_opkomen.png
akkoord,images/br_akkoord.png,images/cb_akkoord.png
aflopen,images/br_aflopen.png,images/cb_aflopen.png
verhaal,images/br_verhaal.png,images/cb_verhaal.png
schotel,images/br_schotel.png,images/cb_schotel.png
rechten,images/br_rechten.png,images/cb_rechten.png
plannen,images/br_plannen.png,images/cb_plannen.png
klimmen,images/br_klimmen.png,images/cb_klimmen.png
seizoen,images/br_seizoen.png,images/cb_seizoen.png
smullen,images/br_smullen.png,images/cb_smullen.png
keihard,images/br_keihard.png,images/cb_keihard.png
trekker,images/br_trekker.png,images/cb_trekker.png
systeem,images/br_systeem.png,images/cb_systeem.png
kasteel,images/br_kasteel.png,images/cb_kasteel.png
blijven,images/br_blijven.png,images/cb_blijven.png
grappen,images/br_grappen.png,images/cb_grappen.png
drummer,images/br_drummer.png,images/cb_drummer.png
zuiplap,images/br_zuiplap.png,images/cb_zuiplap.png
inzicht,images/br_inzicht.png,images/cb_inzicht.png
broodje,images/br_broodje.png,images/cb_broodje.png
redding,images/br_redding.png,images/cb_redding.png
aanzien,images/br_aanzien.png,images/cb_aanzien.png
uitlaat,images/br_uitlaat.png,images/cb_uitlaat.png
opzicht,images/br_opzicht.png,images/cb_opzicht.png
waarbij,images/br_waarbij.png,images/cb_waarbij.png
vervoer,images/br_vervoer.png,images/cb_vervoer.png
komisch,images/br_komisch.png,images/cb_komisch.png
daughter,images/br_daughter.png,images/cb_daughter.png
negative,images/br_negative.png,images/cb_negative.png
motorist,images/br_motorist.png,images/cb_motorist.png
economic,images/br_economic.png,images/cb_economic.png
district,images/br_district.png,images/cb_district.png
patience,images/br_patience.png,images/cb_patience.png
dedicate,images/br_dedicate.png,images/cb_dedicate.png
addicted,images/br_addicted.png,images/cb_addicted.png
platform,images/br_platform.png,images/cb_platform.png
romantic,images/br_romantic.png,images/cb_romantic.png
pressure,images/br_pressure.png,images/cb_pressure.png
positive,images/br_positive.png,images/cb_positive.png
evaluate,images/br_evaluate.png,images/cb_evaluate.png
ignorant,images/br_ignorant.png,images/cb_ignorant.png
overlook,images/br_overlook.png,images/cb_overlook.png
positive,images/br_positive.png,images/cb_positive.png
straight,images/br_straight.png,images/cb_straight.png
accurate,images/br_accurate.png,images/cb_accurate.png
cylinder,images/br_cylinder.png,images/cb_cylinder.png
flexible,images/br_flexible.png,images/cb_flexible.png
coverage,images/br_coverage.png,images/cb_coverage.png
physical,images/br_physical.png,images/cb_physical.png
cemetery,images/br_cemetery.png,images/cb_cemetery.png
stubborn,images/br_stubborn.png,images/cb_stubborn.png
exchange,images/br_exchange.png,images/cb_exchange.png
bathroom,images/br_bathroom.png,images/cb_bathroom.png
crackpot,images/br_crackpot.png,images/cb_crackpot.png
emphasis,images/br_emphasis.png,images/cb_emphasis.png
multiply,images/br_multiply.png,images/cb_multiply.png
solution,images/br_solution.png,images/cb_solution.png
rotation,images/br_rotation.png,images/cb_rotation.png
password,images/br_password.png,images/cb_password.png
scramble,images/br_scramble.png,images/cb_scramble.png
headline,images/br_headline.png,images/cb_headline.png
abnormal,images/br_abnormal.png,images/cb_abnormal.png
mutation,images/br_mutation.png,images/cb_mutation.png
vigorous,images/br_vigorous.png,images/cb_vigorous.png
graduate,images/br_graduate.png,images/cb_graduate.png
convince,images/br_convince.png,images/cb_convince.png
complain,images/br_complain.png,images/cb_complain.png
